{
    "project-name": "Southeast-CS-API",
    "version": "v1.0.0",
    "description": "API used by Southeast CS mobile app and Southeast CS Admin Panel.",
    "authors": [
        "Sion Pixley",
        "Jeffrey Smith",
        "Fasih Ur Rehman",
        "Jaykumar Patel"
    ],
    "license": "proprietary",
    "main-file": "./southeastcsapi/manage.py",
    "dependencies": {
        "django": "v3.x",
        "djangorestframework": "v3.x",
        "python": "v3.7.x"
    },
    "dev-dependencies": "requirements.txt",
    "scripts": {
        "start": "python3 ./southeastcsapi/manage.py runserver"
    }
}

